{"cameraMode":{"drawMode":0,"name":"Shaded","section":"Shading Mode"},"sceneLighting":true,"audioPlay":false,"sceneViewState":{"showFog":true,"showMaterialUpdate":false,"showSkybox":true,"showFlares":true,"showImageEffects":true,"showParticleSystems":true},"in2DMode":false,"pivot":{"x":0.5001163482666016,"y":0.5184066295623779,"z":-0.7878351211547852},"rotation":{"x":-0.07628683745861054,"y":0.9206028580665588,"z":-0.22851885855197907,"w":-0.30732688307762148},"size":4.140766143798828,"orthographic":false}